,PubChem_CID,SMILES,Predicted_Class,Predicted_Probability
0,12052874,C1CC2=C(C=C(C=C2)O)OC1C3=CC4=C(C=C3)OCO4,0,0.2305577168473253
1,44257169,COC1C(OC2=C(C1OC)C(=C(C3=C2C=CO3)OC)OC)C4=CC=CC=C4,0,0.25753545357982566
2,94156,C1CC2=CC=CC=C2OC1C3=CC=CC=C3,0,0.08322073396730241
3,3707243,C1C(C(OC2=CC=CC=C21)C3=CC=CC=C3)O,0,0.11792568193057448
4,1232440,C1CC2=CC=CC=C2O[C@H]1C3=CC=CC=C3,0,0.08322073396730241
5,6923726,CC(=O)O[C@@H]1C[C@@H](OC2=CC=CC=C12)C3=CC=CC=C3,0,0.07075563054322685
6,1232441,C1CC2=CC=CC=C2O[C@@H]1C3=CC=CC=C3,0,0.08322073396730241
7,439712,C1[C@H](OC2=CC=CC=C2C1O)C3=CC=CC=C3,0,0.08660358194172431
8,6923721,C1[C@@H](C2=CC=CC=C2O[C@H]1C3=CC=CC=C3)O,0,0.08660358194172431
9,6923725,CC(=O)O[C@H]1C[C@@H](OC2=CC=CC=C12)C3=CC=CC=C3,0,0.07075563054322685
10,9813808,C1C(C(OC2=CC=CC=C21)C3=CC(=C(C=C3)O)O)O,0,0.12151843522973803
11,14732294,COC1=CC2=C(CC(C(O2)C3=CC(=C(C=C3)O)O)O)C(=C1)OC,0,0.13779268312811055
12,13045799,CC(=O)OC1CC2=CC=CC=C2OC1C3=CC=CC=C3,0,0.049620094442173766
13,12360936,COC1=CC2=C(C=C1)[C@@H](C[C@H](O2)C3=CC=CC=C3)O,0,0.16267918782730237
14,22737159,C1C(C(OC2=CC=CC=C21)C3=CC=CC=C3)OC(=O)C4=CC(=C(C(=C4)O)O)O,0,0.07274274469198416
15,20452422,CN(C)C1=CC=C(C=C1)C2CCC3=CC=CC=C3O2,0,0.13255035772892912
16,54070148,C1CC2=CC=CC=C2OC1C3=CC=C(C=C3)OCCO,0,0.1689109994330653
17,25068463,COC1=C(C=C(C=C1)[C@@H]2C(=O)CC3=C(O2)C=C(C=C3OC)OC)OC,0,0.09013192230111494
18,57679080,C1CC2=CC=CC=C2OC1C3=CC(=C(C=C3)O)O,0,0.08269153628774854
19,53443847,COC1=CC(=C2CCC(OC2=C1)C3=CC=C(C=C3)O)O,0,0.1854155454495124
20,175639878,C1OC2C(OC3=C(C2O1)C=CC(=C3)O)C4=CC=CC=C4,0,0.16316856061504845
21,69234627,C1CC(OC2=CC=CC=C21)(C3=CC=CC=C3)OC4[C@@H]([C@H]([C@@H]([C@H](O4)CO)O)O)O,0,0.3150080659083262
22,74135948,CC(=CCC1=C2C(=C(C=C1OC)OC)C(CC(O2)C3=CC=CC=C3)OC)C,0,0.11543897621797404
23,74977227,COC1=C(C=C(C=C1)C2CCC3=C(C=C(C=C3O2)O)O)OC,0,0.324250054819048
24,67743168,C1=CC(=CC(=C1)O)C2C(C(C3=C(C=C(C=C3O2)O)O)O)O,0,0.15354403379804646
25,91579984,C1=CC=C(C=C1)C2C(C(C3=CC=CC=C3O2)O)(O)O,0,0.11499924663071275
26,156579903,C=CC1(CC2=CC=CC=C2OC1(C=C)C3=CC=CC=C3)O,0,0.3365143550340642
27,102285777,COC1=CC(=CC2=C1CCC(O2)C3=CC=C(C=C3)O)O,0,0.1746492594365002
28,101624373,COC1=CC2=C(C=C1)[C@H](C[C@@H](O2)C3=CC=CC=C3)O,0,0.16267918782730237
29,163184258,COC1=CC(=O)C(=CC1=O)C2(CCC3=CC(=C(C=C3O2)OC)OC)C4=CC=CC=C4,0,0.14730832888014656
30,129035976,C1[C@@H](C(OC2=CC=CC=C21)C3=CC=CC=C3)O,0,0.11792568193057448
31,134821268,C1C2C(O2)(OC3=CC=CC=C31)C4=CC=CC=C4,0,0.2144414425873568
32,129664399,C1C(C(OC2=C1C=C(C=C2)O)C3=CC=CC=C3)O,0,0.16013303509125262
33,129674619,C1C(OC2=CC=CC=C2C1S)C3=CC=CC=C3,0,0.40416372883463486
34,129684435,[2H]C1(C(CC2=CC=CC=C2O1)O)C3=CC=CC=C3,0,0.07247539252583454
35,129834513,COC1=CC(=CC2=C1CCC(O2)C3=CC=C(C=C3)O)OCC4=CC=CC=C4,1,0.5510960957946424
36,129651621,C1C(C(OC2=CC=CC=C21)C3=CC=CC=C3)C=O,0,0.10442606064191917
37,129674761,COC1=CC(=C(C(=C1)OC)C2CC(OC3=CC=CC=C23)C4=CC=CC=C4)OC,0,0.229881187577625
38,129674781,CO[C@H]1CC2=CC=CC=C2O[C@H]1C3=CC=CC=C3,0,0.08843359359245173
39,129889097,CC1=C2C(=CC=C1)OC(C(C2(C)O)(C)O)(C)C3=CC=CC=C3,0,0.44250457625838924
40,129733750,C1=CC=C(C=C1)[C@@H]2[C@@H]([C@H](C3=CC=CC=C3O2)Cl)O,0,0.11961498196150451
41,168430120,C1CC(OC2=CC=CC=C21)(C3=CC=CC=C3)C4=NNN=C4,0,0.20710520708617272
42,137321313,C1C(C(OC2=CC=CC=C21)C3=CC=CC=C3)C(=O)O,0,0.052087171359636766
43,129649642,CC(=O)OC1(CCC2=CC=CC=C2O1)C3=CC=CC=C3,0,0.0984390439478163
44,129713330,CC(=O)C1=C(C2=C(C(=C1)CC=CC3=CC=CC=C3)OC(CC2)C4=CC=CC=C4)O,0,0.12359934107931682
45,129847959,C1=CC(=CC=C1[C@@H]2[C@H]([C@@H](C3=C(O2)C(=C(C=C3)O)O)O)O)O,0,0.13275743396549664
46,129674706,C1C(C(OC2=CC=CC=C21)(C=O)C3=CC=CC=C3)O,0,0.08686083126624576
47,177825402,CC1(C(CC2=C(O1)C=CC3=C2OC(CC3)C4=C(C=C(C=C4)OC)O)O)C,0,0.3662357247024887
48,139592630,C1C2C3=CC(=CC=C3)OCOC1C4=C(O2)C=C(C=C4)O,0,0.2010510405435606
49,13045744,COC1=C(C=C(C=C1)[C@@H]2CCC3=C(O2)C=C(C=C3OC)OC)OC,0,0.3841230561897122
50,13045742,COC1=C(C=C(C=C1)C2CCC3=C(O2)C=C(C=C3OC)OC)OC,0,0.3841230561897122
51,57198131,CC1(C2=CC=CC=C2OC(C1(C)C)(C)C3=CC=CC=C3)C,1,0.6746040757938441
52,177824672,COC1=C(C=C(C=C1)[C@@H]2CC3=C(C[C@@H]2O)C(=CC(=C3)OC)OC)O,0,0.10223380526807994
53,129833826,CC(=O)OC1=CC=C(C=C1)C2CCC3=C(O2)C=C(C=C3OC(=O)C)OC,0,0.09823924054836959
54,129678968,CC(=O)OSC1CC(OC2=CC=CC=C12)(C3=CC=CC=C3)OC,0,0.10536704495251249
55,129680256,C1C2=CC=CC=C2OC(C1(O)O)C3=CC=CC=C3,0,0.12604573631033128
56,129824418,C1C(C(OC2=CC=CC=C21)(CC(=O)O)C3=CC=CC=C3)O,0,0.07150846919091167
57,9064,C1[C@@H]([C@H](OC2=CC(=CC(=C21)O)O)C3=CC(=C(C=C3)O)O)O,0,0.10708790927264383
58,847733,C1[C@@H]([C@H](OC2=CC=CC=C21)C3=CC=CC=C3)O,0,0.11792568193057448
59,6923722,C1[C@@H](C2=CC=CC=C2O[C@@H]1C3=CC=CC=C3)O,0,0.08660358194172431
60,129394,CC1=C(C(=C2C(=C1OC)C(CC(O2)C3=CC=CC=C3)O)C=O)O,0,0.08433354104476408
61,21813969,COC1=CC=C(C=C1)C2CCC3=C(O2)C=C(C=C3OC)OC,0,0.22729292696343736
62,6923720,C1[C@H](C2=CC=CC=C2O[C@@H]1C3=CC=CC=C3)O,0,0.08660358194172431
63,369609,COC1=C(C=C(C=C1)C2CC(C3=C(O2)C(=CC(=C3)CC=C)OC)O)OC,0,0.480422008990952
64,369612,COC1CC(OC2=C1C=C(C=C2OC)CC=C)C3=CC(=C(C=C3)OC)OC,0,0.46785510925019597
65,369616,CC(=O)OC1CC(OC2=C1C=C(C=C2OC)CC=C)C3=CC(=C(C=C3)OC)OC,0,0.1881984692293248
66,12318031,C1[C@H]([C@H](OC2=CC=CC=C21)C3=CC=CC=C3)O,0,0.11792568193057448
67,66692593,C1[C@@H]([C@@H](OC2=CC=CC=C21)C3=CC=CC=C3)O,0,0.11792568193057448
68,12318033,C1C2=CC=CC=C2OC(C1=O)C3=CC=CC=C3,0,0.06010825233722661
69,13886894,C1=CC(=CC=C1C2C(C(C3=C(O2)C=C(C=C3)O)O)O)O,0,0.16426698641182982
70,10251,C1C(OC2=CC=CC=C2C1=O)C3=CC=CC=C3,0,0.0619753548662803
71,5318979,C1=CC=C(C=C1)C2C(C(C3=CC=CC=C3O2)O)O,0,0.13594663684864935
72,182659,COC1=C(C=C(C=C1)[C@@H]2[C@H](CC3=C(O2)C=C(C=C3OC)OC)O)OC,0,0.24153973796665934
73,7309334,C1[C@H]([C@@H](OC2=CC=CC=C21)C3=CC=CC=C3)O,0,0.11792568193057448
74,6923719,C1[C@H](C2=CC=CC=C2O[C@H]1C3=CC=CC=C3)O,0,0.08660358194172431
75,439652,C1[C@H](OC2=CC=CC=C2C1=O)C3=CC=CC=C3,0,0.0619753548662803
76,14885875,COC1=CC(=CC2=C1CC[C@H](O2)C3=CC=CC=C3)O,0,0.23491199708673094
77,10336729,COC1=CC2=C(C[C@H]([C@H](O2)C3=CC4=C(C=C3)OCO4)O)C(=C1)OC,0,0.1677161778908641
78,11033582,C1[C@@H]([C@H](OC2=C1C=CC(=C2O)O)C3=CC(=C(C=C3)O)O)O,0,0.1063521163152465
79,12320000,C1=CC=C(C=C1)[C@H]2[C@@H]([C@@H](C3=CC=CC=C3O2)O)O,0,0.13594663684864935
80,5280343,C1=CC(=C(C=C1C2=C(C(=O)C3=C(C=C(C=C3O2)O)O)O)O)O,0,0.0836896022971174
81,20452436,C1CC2=CC=CC=C2OC1C3=CC=C(C=C3)O,0,0.09258193419637534
82,25232840,COC1=CC=C(C=C1)C2CCC3=C(C=C(C=C3O2)O)O,0,0.2072556741729719
83,44187798,C1=CC(=CC=C1[C@@H]2[C@@H]([C@@H](C3=C(O2)C(=C(C=C3)O)O)O)O)O,0,0.13275743396549664
84,53947837,CC1=CC2=C(C=C1)OC(CC2)C3=CC=C(C=C3)OC,0,0.10954763818389227
85,443638,C1[C@H](OC2=CC(=CC(=C2C1O)O)O)C3=CC=C(C=C3)O,0,0.11227470342992846
86,253959,C1C(C2=CC=CC=C2OC1C3=CC=CC=C3)O,0,0.08660358194172431
87,342294,COC1=CC(=CC2=C1CCC(O2)C3=CC=CC=C3)O,0,0.23491199708673094
88,282014,C1C(C(OC2=CC(=CC(=C21)O)O)C3=CC=C(C=C3)O)O,0,0.1318519835295776
89,369608,COC1=CC(=CC2=C1OC(CC2O)C3=CC=CC=C3)CC=C,0,0.24630283086475138
90,13250353,C1CC2=C(C=CC=C2OC1C3=CC=CC=C3)O,0,0.28300433357888843
91,124037363,C1=CC=C(C=C1)[C@@H]2[C@H]([C@H](C3=CC=CC=C3O2)O)O,0,0.13594663684864935
